,reviews_per_month
36497,4.42
27173,0.05
8674,0.02
8490,0.38
34157,0.32
20343,0.1
16135,2.55
19244,0.9
42982,1.46
11690,0.02
8603,0.49
993,1.84
44169,1.34
3243,3.12
11772,4.1
3295,1.05
1197,0.02
47540,1.0
445,0.5
33490,0.5
27057,2.99
14233,0.13
12879,0.56
27353,0.12
18898,6.19
18835,1.3
4523,0.14
21587,0.54
37469,0.14
28217,0.21
39197,0.76
9162,0.83
31490,0.37
42442,3.62
2849,0.78
1528,3.56
48122,1.0
34402,1.95
40687,0.29
17749,2.26
41206,3.33
46288,4.0
34141,0.09
9936,0.99
10303,2.13
21411,2.32
2136,0.04
7280,0.03
40333,0.17
41306,0.9
7040,3.39
30019,0.61
26912,1.04
28127,0.22
46914,1.0
44242,3.86
35281,0.56
34654,4.5
43133,3.0
20381,4.36
8067,0.44
28663,7.19
18379,0.43
36481,4.21
10789,1.85
35414,1.67
37829,0.16
37603,2.64
39519,0.25
4294,1.65
5175,0.12
47143,3.0
10105,0.32
37652,10.29
43597,3.79
43534,3.57
13078,0.68
42247,2.02
34916,0.28
4220,0.04
4660,1.08
30683,4.63
7825,0.42
20881,1.18
5389,0.11
12917,0.03
37577,0.64
31205,0.07
22649,3.15
19300,3.38
21478,0.05
9865,0.38
11685,0.02
47125,3.0
322,0.36
28333,0.22
21750,1.39
25542,0.09
11385,0.72
22838,0.34
30289,0.09
34644,0.29
16539,1.39
40085,3.21
4228,0.21
27399,0.79
18349,4.09
21081,3.88
29648,0.27
37111,0.66
46919,1.0
22307,2.83
7199,1.0
35143,0.87
11336,0.15
9463,1.91
23369,0.21
16253,0.03
29520,0.94
2346,0.18
2753,0.28
8692,0.19
8708,0.02
20418,1.53
28227,0.16
24964,0.78
22305,3.78
11103,3.55
13532,0.13
12280,0.05
38987,1.34
8839,0.13
31920,0.66
25044,2.89
22425,2.22
18679,2.23
407,0.38
24372,1.91
2414,0.63
7023,0.02
32256,0.08
23214,1.21
36548,4.93
46283,6.0
40069,0.7
30999,1.47
42326,0.89
9190,0.1
37618,1.78
1521,0.97
17728,3.18
6709,0.13
10668,0.21
16668,0.03
18635,0.1
970,0.17
24936,0.17
30157,1.69
9601,0.02
11099,2.3
18716,1.79
25880,0.06
32979,0.12
12645,2.06
32277,0.29
18079,0.03
27488,0.05
38151,3.05
13415,4.1
39006,1.83
5538,2.26
33558,0.54
32066,3.02
20027,0.88
43874,4.58
46635,1.0
37720,1.06
33290,0.94
12225,0.02
15028,2.52
23275,0.24
24406,1.71
18054,0.45
32111,0.83
27761,0.5
24151,0.21
1336,0.08
36531,0.76
5877,0.16
7817,0.13
34946,0.92
30751,0.19
6944,0.02
1462,0.14
34451,7.18
41554,0.61
44007,3.0
31171,1.25
35954,0.93
22908,2.6
3334,0.97
12646,0.05
2127,0.46
8642,0.05
47910,1.0
2109,0.13
46200,4.17
32013,4.28
41425,2.31
38210,2.49
26916,1.9
43817,1.76
30758,1.56
1767,0.05
9442,1.01
32473,2.74
16516,2.5
32638,0.64
16000,0.17
39321,2.84
23756,0.46
22247,5.35
43967,3.42
6416,0.16
24884,0.09
31609,0.6
39764,0.15
23338,0.2
14538,0.1
10579,0.04
3041,0.03
2834,0.27
23845,3.26
6937,0.87
33709,4.98
33747,0.19
34477,5.2
36641,4.91
15193,1.96
40921,0.55
17630,0.16
1057,0.11
19077,0.15
46523,2.0
3139,0.28
11345,1.11
17655,5.79
6617,0.48
9529,0.13
26774,0.05
12474,0.4
15113,2.23
8719,0.53
34272,2.06
11529,0.15
5490,0.12
45416,1.0
13492,0.2
36757,0.35
4386,5.81
28959,0.11
34703,1.74
22732,0.16
44734,2.45
6278,3.21
7234,0.04
38602,0.78
20065,0.03
48107,1.0
13522,1.06
2098,0.66
11737,0.23
21321,1.39
18652,0.89
44048,0.83
27886,0.05
11598,1.53
31320,0.14
45753,5.38
28262,0.06
1393,0.06
22698,2.11
25298,3.06
32175,0.15
23001,5.84
33383,0.29
14300,0.59
1652,0.05
24258,4.29
19344,0.03
39499,2.47
31635,0.21
4084,1.57
38415,2.57
44484,4.66
695,2.65
40532,0.35
42068,9.85
46620,3.0
30899,3.42
1387,1.05
24533,1.22
2155,1.52
5803,1.27
21988,1.55
14000,0.02
14465,0.15
18374,0.06
24595,0.64
13299,0.16
40092,3.21
41733,7.38
3632,0.4
35433,3.07
1870,0.59
37573,1.65
32863,2.49
35786,0.83
33796,0.82
11498,0.41
16369,1.53
20102,1.2
34917,2.0
15697,1.37
12218,0.27
34151,2.26
47189,1.0
26848,3.44
17733,0.03
583,0.62
40765,0.21
46384,1.0
27412,0.4
25099,0.17
4221,0.74
30500,0.52
9167,0.08
34774,0.11
7544,1.2
26142,1.08
40617,6.65
15421,0.05
35603,3.94
18921,0.38
5535,2.32
32866,0.21
34172,0.46
15313,0.03
25190,2.42
1915,0.18
28591,0.65
861,2.74
1876,0.29
329,0.51
43353,8.94
16723,0.08
25216,0.09
18768,0.09
29668,3.47
9990,0.29
26402,0.14
39104,0.16
42515,0.99
11873,2.81
33497,2.28
12025,0.14
4707,2.34
3906,0.21
34246,0.91
44081,4.34
44332,6.25
24637,1.17
42230,0.51
29174,0.11
17185,0.34
21731,0.11
2299,0.3
38421,1.86
19607,0.06
44237,3.46
37059,1.76
7618,0.06
39782,0.34
36121,0.48
32909,0.31
45887,2.55
8556,0.1
15342,0.47
21459,0.66
42611,0.51
39596,0.48
8457,3.75
1848,3.15
19725,3.51
46558,3.0
9739,0.03
43760,1.32
16052,1.19
14201,0.02
45421,3.0
43762,3.38
19338,0.56
17153,0.59
18,4.44
24636,4.38
39671,0.48
21985,0.43
19208,0.15
4311,0.33
10182,0.13
34252,2.39
7097,0.37
3068,1.2
15577,0.13
11688,1.65
16827,3.19
23722,0.32
26560,0.79
44130,1.64
6251,0.67
28508,1.4
33268,0.18
23047,0.17
36070,0.3
34999,1.06
47690,1.0
46752,1.0
24172,1.91
34016,1.22
38079,4.04
19812,0.97
36633,2.55
5914,0.75
35620,1.53
16727,0.08
2164,0.03
26249,1.25
1858,0.26
169,1.66
39257,2.82
21583,0.04
22069,0.69
4096,0.97
9521,0.15
20880,0.16
10881,0.02
25197,0.22
47348,1.0
37440,1.45
12736,3.38
14525,1.04
39242,1.67
40279,1.46
20893,0.76
16062,0.03
18863,0.22
17694,0.08
6624,0.09
33081,0.24
7973,2.23
23565,0.57
19990,0.45
16534,0.31
14739,0.07
4648,0.52
45426,3.91
3624,0.06
25331,3.92
38082,3.45
12226,0.27
10511,0.17
39288,0.8
43646,2.69
35824,0.85
29345,0.07
42359,3.0
8168,0.06
11254,0.02
28629,1.76
15578,0.12
15503,6.22
40704,0.45
43249,4.74
23538,3.02
20940,0.18
22365,0.16
6317,1.03
18709,1.13
27910,3.0
21823,0.16
5908,1.02
17190,0.7
14448,0.08
35299,0.1
24371,0.17
33109,3.85
16697,0.08
39230,0.16
27836,1.03
18558,0.03
20871,1.1
17014,0.3
41120,4.23
43689,2.03
9260,0.08
8049,0.3
21881,0.36
7408,1.96
10740,0.13
38371,0.71
8518,0.04
35255,1.96
1805,1.88
39192,3.27
22332,3.87
6708,0.28
37784,0.77
2047,0.66
2227,0.38
4056,0.03
29201,0.05
22077,5.12
24741,0.04
27586,1.06
27171,0.19
27005,0.15
43516,6.82
35584,0.88
5041,0.18
30217,0.49
40030,1.06
10082,0.36
28717,0.16
17114,1.42
11447,0.21
1144,0.2
37997,0.36
13403,0.59
20129,0.3
16287,0.13
1572,1.78
45530,4.62
1633,0.83
20000,2.29
3108,1.92
34677,0.21
13915,0.02
32520,2.49
18839,1.67
32814,0.5
36886,0.21
29843,3.55
15655,1.19
17323,0.57
291,0.56
44167,1.87
20237,0.26
23203,0.24
30078,0.06
30757,0.75
47157,3.0
16476,1.46
1601,1.09
24947,4.34
46447,2.0
19454,1.24
14513,0.15
43330,1.89
35178,0.11
29378,0.22
43857,0.42
31562,0.91
10751,0.13
10392,0.06
42372,2.31
26936,0.38
12934,0.23
12764,0.08
14098,0.03
8088,0.03
37917,2.94
24850,1.3
30336,5.59
26837,1.68
45607,0.81
8296,0.1
32064,0.25
26495,1.81
8955,0.55
40474,0.21
16193,2.33
27066,1.59
32686,0.64
40847,2.0
33310,0.49
30696,0.56
8087,2.63
38891,2.34
6518,0.19
386,2.27
10736,1.83
34909,3.07
13336,0.02
3460,0.13
6470,0.02
22875,7.04
37178,3.43
6871,0.26
1717,0.65
7499,0.03
1628,0.09
30430,3.07
3256,0.24
28337,0.16
4176,0.73
24231,4.35
17691,3.02
18688,2.6
39672,0.48
5764,0.05
5191,0.8
46150,4.0
35949,7.24
13273,0.19
45033,4.36
16331,0.54
27606,3.38
20312,0.1
37867,0.28
17278,0.06
40331,2.21
13506,0.02
909,2.11
36340,0.22
46404,3.0
32347,2.72
47391,1.0
14628,0.99
39169,1.12
20717,1.28
44183,3.7
26589,2.48
38268,3.27
22660,0.15
5231,0.02
42971,5.05
5790,0.44
2756,2.74
19533,0.16
35717,1.67
22895,2.65
9912,0.07
45263,2.0
28657,0.16
202,3.44
12243,2.48
37429,0.44
22700,0.16
24153,5.78
16585,0.05
2443,0.09
33112,1.17
30648,0.21
14325,0.03
30527,4.23
18395,0.04
23638,0.39
6765,0.04
2989,1.89
18053,0.73
33411,1.42
7229,0.06
30978,2.39
10004,4.39
25561,0.14
40562,2.84
38297,0.58
23088,3.67
23301,0.05
41633,2.0
17676,2.24
1399,0.18
21885,0.11
23564,0.04
23210,1.15
38893,2.76
10953,0.04
41992,2.46
16296,1.37
12367,2.19
16455,0.05
43467,1.0
33093,1.81
35977,0.54
7482,0.08
46757,7.5
11571,0.07
42157,4.51
19904,0.81
38230,0.61
18664,0.46
25835,0.22
8783,0.13
39245,0.16
41957,0.98
28225,0.05
14600,1.27
12703,0.05
25396,0.05
11171,0.5
18316,2.48
31728,6.34
24378,0.09
30809,0.19
12994,0.07
39286,0.32
11020,0.04
34405,0.14
32820,0.17
32317,0.96
33229,0.22
16730,0.03
47566,1.0
7402,0.47
35181,3.99
19112,0.51
25693,2.78
27159,0.36
35797,0.31
7067,0.66
18498,0.12
22271,1.11
8633,0.02
28835,0.05
16270,0.08
26047,1.23
30613,0.14
17291,1.93
7777,2.17
31241,1.15
15459,0.13
44542,0.79
7053,0.28
4906,3.79
32255,0.51
41710,1.19
42899,1.22
11929,0.2
39372,2.88
4744,0.08
18573,1.16
35735,1.0
47722,1.0
25727,0.4
20403,16.22
39869,0.79
37595,0.54
33584,0.25
47911,2.0
17207,0.85
18289,0.68
29338,0.54
8596,0.1
38974,0.18
29426,0.53
5107,0.06
16682,2.39
5071,0.07
47580,1.0
3417,0.02
4194,0.03
20854,0.04
19671,3.61
26384,0.37
11181,0.02
11380,2.08
4621,0.08
43839,7.59
7350,1.37
18537,1.89
26430,0.09
5858,0.4
38474,0.31
42274,1.84
29865,1.2
34592,2.44
22428,4.79
26382,0.48
22910,0.48
46313,3.0
12390,0.03
26336,1.81
10202,0.13
16629,2.41
37854,4.81
33417,1.15
7949,2.74
43587,1.22
28473,0.47
45288,0.56
37924,1.0
9364,0.37
45535,1.76
15839,2.84
39616,2.8
3187,2.23
42238,2.1
10904,2.38
12790,0.04
19117,3.14
20706,0.1
2153,0.2
10862,0.07
4131,0.18
45375,0.57
7702,0.05
17165,0.28
30323,0.09
25655,0.16
28058,0.31
25721,0.13
6661,0.3
21639,1.24
28722,6.18
41682,2.56
20701,0.13
37051,7.41
25162,3.19
5004,0.08
41187,0.2
30541,4.81
16353,3.79
18339,5.07
17375,0.26
37585,0.44
23742,4.95
1515,0.11
15857,0.06
6634,0.8
13974,3.3
44415,4.48
29223,2.36
9706,1.25
27424,0.21
22310,0.15
37897,0.57
34063,0.18
32038,1.29
16030,0.13
34713,2.43
35781,2.91
23115,0.93
43255,1.15
11547,1.14
20827,0.69
24403,2.1
36724,0.8
28826,0.16
25787,0.09
5623,0.28
47950,1.0
24901,0.42
43393,2.63
1754,0.6
30893,0.4
33107,0.37
25608,2.22
10524,0.04
5108,0.79
37001,0.12
37398,0.21
25778,0.15
17538,0.03
5884,1.1
5697,0.41
13936,0.1
36331,0.12
42908,2.58
20540,0.35
18056,0.38
1100,1.25
8283,2.4
23841,0.12
6401,0.35
1334,1.95
12591,0.26
14504,2.25
17307,0.11
47937,1.0
47954,1.0
7788,0.1
14633,0.1
4876,0.84
35924,0.32
34961,6.26
1471,2.3
15430,0.88
9205,1.01
11679,0.02
182,1.18
38840,5.24
4573,0.36
46086,1.0
24041,0.23
40961,3.36
1007,1.05
4272,0.93
2180,0.17
33701,0.16
29911,1.25
25510,4.91
43926,1.97
35082,0.59
8002,1.53
26932,2.6
23795,5.99
42295,6.63
18952,2.5
3194,0.25
36897,3.21
46323,2.0
38742,0.7
40801,0.93
21236,0.65
24560,0.21
36717,0.66
23701,0.46
20502,0.63
28442,0.05
45370,1.0
8984,0.1
22852,0.26
47281,1.0
1741,1.35
31632,0.07
46326,5.0
19049,0.58
36480,3.79
22021,0.1
17672,4.45
15461,0.03
9265,0.02
19097,0.68
34896,0.65
41502,0.85
36076,0.44
6647,0.92
7571,0.4
2631,0.11
44347,6.21
17356,0.03
40179,0.95
12489,0.02
22619,0.3
34936,2.02
44519,6.92
65,1.65
16136,6.68
258,0.46
24653,0.26
4274,1.11
24373,0.5
37583,0.41
34380,3.37
2525,0.7
22461,2.98
7220,0.56
9830,0.02
4175,0.03
24534,2.07
23650,1.23
37133,1.58
16087,3.53
7153,0.02
692,2.31
4591,0.02
43900,1.1
13009,0.03
17851,0.03
30006,0.18
45833,1.36
45237,2.4
40284,0.38
22727,0.12
4849,0.98
33136,0.33
31132,3.08
4147,1.98
32239,0.6
42571,1.32
34622,0.6
31964,0.59
28134,0.25
891,1.8
36355,0.55
42856,4.0
16343,4.13
7512,1.39
7769,1.22
42705,1.15
8193,0.02
12986,0.02
5091,0.03
17191,0.06
368,0.16
20181,0.27
25513,0.27
25984,3.37
44193,0.63
47244,1.0
29701,0.53
1867,0.48
41026,2.81
4594,0.29
27569,1.93
32970,1.06
21225,0.04
41155,4.69
9300,0.16
13830,0.06
43540,3.7
33120,0.39
23543,0.28
4334,0.54
23985,0.09
15669,0.82
11248,1.36
18614,2.47
33119,7.32
31804,1.29
8086,1.92
15690,0.05
15739,1.04
33657,0.51
33345,0.09
8302,2.63
10643,0.1
8582,1.12
28430,0.11
21322,0.56
19576,2.85
26043,0.14
26322,0.18
19792,3.69
78,1.28
25742,0.05
20929,0.5
19559,0.03
35837,2.4
21929,3.21
5482,0.66
5274,2.17
15334,1.46
24475,0.54
39607,0.65
38294,0.73
42697,2.04
32104,1.13
25521,1.0
14429,0.1
44729,1.11
30089,0.18
43072,2.0
7926,0.22
34334,0.3
42510,1.29
46025,3.0
6376,1.15
29924,0.16
1196,1.92
21313,2.44
45103,3.0
2681,0.15
10290,0.04
13394,1.54
38556,0.16
30398,2.75
42638,0.31
13460,0.05
24364,3.27
25983,2.81
11779,0.02
12413,0.28
13024,0.74
29798,1.72
5098,3.89
32601,2.97
14427,0.25
5957,0.65
8156,0.17
11235,0.04
3655,0.05
10899,0.33
16125,0.08
16630,1.1
32832,0.16
2992,4.1
24298,5.39
23408,0.04
27641,3.72
1372,0.21
6043,0.36
3798,0.26
24515,3.12
47710,1.0
24645,1.29
5457,0.42
35956,2.93
33601,0.25
604,0.64
18436,2.14
41535,2.55
10113,0.42
39353,3.09
43548,5.27
20786,0.04
3855,0.08
37189,0.12
27961,0.67
6663,0.28
36636,0.99
15841,2.68
6189,0.12
2479,0.06
16337,0.8
22424,0.36
30337,0.48
6355,0.16
16900,0.35
16198,1.01
17178,1.25
1571,4.55
36394,5.63
40408,5.45
4167,1.28
23204,0.19
38666,2.12
35636,2.74
29834,0.21
41670,0.93
11986,0.02
23059,10.19
35732,4.66
39978,2.13
28327,2.61
4351,1.13
31976,2.03
18186,1.27
613,0.01
26707,0.05
35994,0.42
23167,0.2
16301,0.24
19415,0.33
17875,0.24
15926,3.3
8050,0.02
36189,1.25
22556,0.15
18353,0.84
3524,0.21
40659,7.89
13302,0.07
3161,0.55
4089,0.12
34717,0.81
14596,0.12
38369,0.43
38608,2.83
26046,0.32
42038,4.0
31755,0.21
36903,0.36
22449,2.17
26812,0.75
36821,0.95
30329,1.13
2209,0.23
34248,1.42
1381,1.62
20965,0.4
44119,1.43
40564,3.0
1376,1.29
145,0.11
38636,0.45
21442,2.36
1477,1.12
35350,0.1
21990,3.74
40496,1.18
7226,0.28
34244,0.09
32551,0.15
32598,0.23
13793,0.05
45546,3.46
9578,0.02
31835,0.22
15678,1.88
23916,5.37
33398,0.7
28057,6.0
5641,0.81
47250,3.0
32122,0.57
4968,0.15
10597,1.28
33267,0.11
5281,0.04
34563,0.09
30159,0.31
39092,0.54
17569,0.06
12313,0.05
5663,0.43
2291,4.73
38869,0.17
23029,0.65
47271,1.0
34975,3.19
1034,0.71
29988,0.38
18072,0.71
14131,1.1
23332,0.36
25038,0.04
9686,0.1
32430,0.99
17362,0.16
32933,0.62
9386,0.11
7272,4.08
20788,0.06
25305,1.05
20645,1.39
40895,0.86
10411,0.48
44014,1.82
39109,0.72
4409,0.02
15294,0.05
8450,0.26
14101,0.82
41205,0.9
32830,1.03
23087,0.15
19871,0.38
28239,1.35
26792,3.73
9011,0.03
27020,2.4
4284,0.08
31001,0.58
30616,3.44
6407,0.02
27542,0.21
32884,1.56
24348,0.13
37550,1.6
5442,1.16
12246,0.18
4577,0.15
30731,0.13
40465,0.54
14108,1.49
19606,0.13
26477,0.15
2511,0.05
12077,0.14
15935,0.3
2226,0.68
11953,0.02
20107,0.03
39651,2.2
660,0.12
14608,0.03
7380,0.32
15667,0.08
12270,0.02
11983,1.45
29769,0.55
20361,0.03
25938,2.29
12299,0.19
47599,5.0
24635,1.56
4485,0.11
43338,2.44
25788,2.83
26526,4.76
22665,0.07
24782,0.08
7035,3.27
5876,6.09
6438,0.11
26372,1.08
18333,1.72
12837,4.31
36428,0.16
4592,2.3
5290,0.08
23808,0.29
30933,6.97
1597,1.67
13539,5.95
32269,2.26
4070,0.24
20029,0.28
30025,0.9
13316,0.02
27037,3.34
43663,2.05
9707,4.42
11935,0.07
22381,3.57
45417,5.0
46256,1.62
21032,0.67
16848,0.04
44742,2.35
20050,0.73
37103,3.4
28781,4.38
39563,1.16
6845,3.06
32373,1.02
35049,0.14
32065,0.51
8194,0.52
20688,0.03
34799,5.5
7228,0.3
48413,1.0
26097,1.71
23672,3.9
29967,1.27
10462,0.36
1264,1.61
34338,1.18
27169,1.14
25702,0.52
18486,0.06
41110,0.42
33483,0.66
12494,0.09
13020,0.02
38233,1.74
10395,0.19
13337,1.04
40888,4.16
44470,1.62
21038,0.53
21943,2.08
7658,0.02
8934,0.04
16548,0.09
17137,0.08
8273,0.97
9971,0.04
866,0.56
28915,3.64
11476,0.05
32190,0.08
13488,1.29
30983,0.2
27768,0.05
47476,3.0
15543,0.1
29259,1.37
35871,3.52
33156,2.13
18390,2.26
21424,0.26
32108,2.75
27061,2.18
41653,1.47
20848,5.04
3797,2.82
2616,1.31
22017,0.07
2318,0.22
3878,2.97
4123,2.21
9290,0.13
5067,0.3
44209,2.61
23224,0.19
12073,0.41
39807,2.83
28410,0.19
19520,0.09
5508,0.19
27327,0.94
32733,9.47
9612,0.04
4974,1.01
45682,3.95
20055,0.32
19437,0.27
13526,0.46
34025,0.43
21145,0.57
48045,1.0
44023,3.28
23139,1.12
8027,0.06
44765,4.2
7347,0.02
12041,1.41
2993,0.05
11692,0.02
15755,0.05
21723,1.15
8940,0.02
8496,2.5
6316,0.13
2621,0.56
36200,5.5
13220,0.05
29587,0.13
11332,1.13
8896,4.65
13269,0.07
14454,0.67
7713,0.15
18385,0.24
11514,2.21
7527,0.06
32248,0.31
1389,0.3
46173,2.0
14278,2.54
21803,0.08
47076,1.0
30497,0.75
36414,0.22
15508,3.6
9388,0.02
1886,2.82
15707,1.06
4098,0.2
9927,0.92
40229,2.28
17489,0.14
38969,6.38
11664,0.16
26065,0.14
33074,2.49
3115,0.13
16134,1.09
956,3.04
44199,2.42
6947,1.0
29158,5.7
10769,0.24
177,0.75
46120,3.0
29958,0.89
18912,0.49
3022,2.63
37984,1.56
38972,4.75
24315,0.17
13017,0.44
25375,0.07
35135,0.31
21683,0.57
42350,2.44
5946,0.02
30152,0.24
43000,2.04
2714,4.54
31133,3.75
25493,2.15
44771,1.0
23636,0.05
16583,0.14
22421,0.11
10611,0.06
35864,5.17
5269,0.11
319,2.81
28611,0.22
39701,2.59
36598,0.13
19949,0.26
30227,0.1
37385,0.16
21122,0.06
8031,0.04
25511,0.77
10555,0.87
4027,0.5
16133,3.37
828,0.08
19982,0.09
20999,0.08
42738,6.83
32990,1.39
32759,1.09
34721,0.46
22302,3.41
16978,0.58
40348,0.53
46022,1.0
13474,0.66
27216,2.0
42874,1.58
25378,2.01
20843,1.65
11521,0.05
9471,0.04
16845,0.04
31836,0.28
28968,0.11
30055,1.44
12392,0.09
19460,0.67
23448,1.04
2348,1.19
18900,2.87
36978,4.12
985,0.28
24325,0.89
41441,2.73
25502,1.38
7476,0.22
20041,6.9
10554,0.02
28268,0.26
40093,6.17
22608,0.04
7098,0.06
7020,0.22
16201,1.56
9282,0.08
18406,2.01
31109,5.95
21535,1.14
27192,0.19
28534,0.16
30790,4.47
42585,2.44
19408,0.38
22375,0.81
19128,2.23
27207,2.24
14781,0.27
20234,0.72
30460,0.39
34174,2.7
16284,0.17
39907,1.3
21058,0.03
42802,1.58
13234,0.02
12329,0.16
37424,1.87
8644,0.02
45828,6.0
35128,0.69
29891,1.39
46175,1.0
41411,3.19
12097,0.02
38854,1.56
14705,0.99
35215,2.68
19221,0.03
24226,0.04
28876,0.05
6066,0.61
47170,2.0
37516,1.59
19410,0.4
34564,0.09
42836,3.08
2261,0.12
46751,1.0
7992,0.02
34412,0.53
21451,4.56
20272,0.17
33301,0.24
4636,2.5
21107,2.16
16282,1.7
15886,0.11
44810,8.18
34337,0.46
34107,0.55
35672,0.45
13216,0.02
11758,0.05
38116,2.25
17477,0.27
43795,4.93
39768,0.15
28321,0.49
37054,0.12
4953,0.1
1252,0.09
29610,3.24
13690,0.11
23361,0.04
14589,0.05
36433,0.88
25658,3.35
5726,0.05
3230,0.38
13779,0.12
5646,0.07
16327,0.05
33129,0.17
22671,0.13
40922,0.74
43913,1.0
27426,0.23
11502,0.02
16140,0.26
2215,0.36
39796,1.43
452,0.68
41420,0.82
5164,0.23
44085,0.82
18669,2.8
30715,0.87
4881,0.08
22506,3.44
18094,0.09
22770,2.97
30675,2.44
12250,0.07
14799,1.18
37209,0.59
11706,0.05
12802,3.08
14516,0.07
9667,0.05
26528,3.16
13383,0.02
32055,0.52
36925,3.42
19104,0.34
16493,0.03
29012,0.16
10909,0.19
46618,1.0
5357,0.13
45331,2.61
15921,0.08
19836,0.79
4945,3.04
3179,0.11
29632,2.46
41379,1.88
19432,2.58
22760,0.25
13543,1.2
16302,4.74
28927,0.73
35353,0.1
34013,0.09
17724,3.52
5079,0.1
25799,0.56
8451,0.18
14821,0.03
39134,1.41
17976,2.07
33838,0.28
37777,6.67
17312,0.57
44149,4.65
38208,7.24
17152,1.33
2688,2.89
30129,0.06
22104,13.24
47310,1.0
780,1.37
28661,2.47
34270,2.43
17734,3.79
11955,0.25
31157,1.34
30075,0.08
42801,0.78
30314,0.78
28547,0.31
32443,0.08
22931,0.15
4460,0.29
23964,1.22
34019,0.78
14510,0.47
27804,1.46
37628,1.0
28580,0.11
20127,0.25
40108,1.43
40738,1.61
35194,0.58
4057,0.03
44715,0.5
29702,0.06
36253,0.32
36900,2.48
2468,2.09
39304,3.5
30046,0.41
21467,0.21
3821,0.07
6653,0.9
11057,1.04
47496,2.0
45022,6.11
11559,0.05
41402,1.59
16491,1.23
5049,0.16
36215,3.44
887,0.73
25993,0.46
13852,0.03
8318,0.55
10561,0.08
33682,5.79
25458,4.26
19006,0.09
38356,0.7
23612,4.31
21406,2.45
47605,4.0
23381,0.19
7626,4.46
37892,0.39
5445,0.04
15663,0.11
113,4.22
28207,0.16
12089,2.83
8247,0.02
11632,0.38
29500,2.63
41451,2.08
5137,0.8
33338,2.95
33913,0.33
25294,0.06
35922,0.67
35789,1.01
23541,0.09
6308,0.11
9029,0.2
7017,0.42
8257,0.02
45124,0.52
37298,4.29
8640,0.16
30646,0.39
7103,0.09
29720,1.13
9207,1.82
3426,3.2
2685,0.06
6402,2.19
30284,1.62
1346,0.17
3945,0.1
13458,0.02
21215,1.51
43138,5.74
14220,0.63
25607,1.52
47232,2.0
20668,0.77
12553,4.18
27103,0.63
26831,3.09
36683,4.8
6805,0.16
44774,0.79
38364,0.92
27987,0.12
32721,0.57
16084,0.87
42542,1.0
9680,0.04
43920,2.63
23558,1.0
10032,0.19
39165,0.85
16176,0.03
14711,0.31
17600,0.84
38587,0.26
19247,0.33
33707,0.18
15099,1.51
29216,5.01
5002,0.15
13240,0.52
4907,0.08
39414,0.15
14933,0.03
32380,0.15
700,0.12
37465,0.47
32789,0.29
37582,3.13
21360,0.1
23104,1.94
1716,0.95
25680,5.06
27142,0.05
40048,2.45
36140,0.26
40875,0.25
25686,0.13
43975,2.0
20275,0.03
1491,0.88
21695,0.11
44160,2.11
26387,0.14
29020,0.11
43637,1.52
6045,0.37
9392,1.92
19237,0.09
26819,0.77
10837,0.12
971,0.8
36675,0.62
8680,0.39
30122,0.15
9235,0.18
3459,0.06
29523,2.88
4261,3.29
1206,0.17
15395,0.85
810,0.19
31111,0.39
24040,0.38
37228,0.66
2314,0.99
37711,4.34
7833,1.45
9698,3.05
1761,0.06
8894,0.83
25793,1.76
13924,0.07
31623,0.58
2357,0.03
23457,0.04
8303,0.02
10699,0.2
29452,0.19
2551,1.66
4866,0.33
35882,0.53
44796,0.57
5336,0.24
34686,0.55
31881,1.07
6118,0.44
175,2.0
1834,0.88
17444,0.06
24743,0.16
31765,0.14
25152,0.73
45047,3.33
10891,2.12
22973,0.39
46102,4.41
40319,1.33
44050,1.18
12069,2.34
6748,0.02
27816,0.05
4398,0.27
6207,0.33
19864,0.16
45963,1.0
21630,2.37
42615,0.77
34197,0.19
46770,1.0
13511,0.02
8152,0.24
39992,1.27
5043,0.13
19826,0.03
6070,0.08
26031,4.11
28934,0.81
18140,0.53
19999,0.06
3571,0.25
26655,0.64
18499,0.83
22169,3.17
10926,0.09
19266,0.15
46114,7.94
9387,3.16
7673,0.05
31388,0.31
36928,1.43
28555,1.35
1750,0.06
8807,0.15
26772,0.05
36625,0.79
32307,2.09
38581,3.18
21975,1.61
37653,0.13
41702,1.13
17641,0.06
10245,1.44
21721,0.35
41335,0.85
36721,1.31
22570,1.01
34466,2.97
1693,0.95
8405,3.56
7212,0.06
30652,2.51
1467,0.18
37684,0.56
33593,0.45
8917,0.04
35228,0.28
31021,3.48
29956,8.21
24872,0.31
6220,0.05
23426,0.12
37180,1.89
37207,0.12
12258,0.07
20255,0.1
32927,2.48
21693,0.39
15541,1.54
13399,0.84
20730,0.34
36403,3.2
27580,4.65
21167,0.39
35402,3.68
13605,0.17
862,0.18
4053,1.73
14196,0.07
27916,1.27
19445,0.85
30711,0.62
43472,0.53
26568,0.05
17576,0.03
35512,0.2
7488,0.37
11849,0.38
10610,0.17
22362,1.37
27021,0.05
5820,1.96
14303,0.14
21282,1.21
38014,1.92
47586,1.0
32870,1.88
944,0.14
3883,0.44
6494,0.11
44791,1.82
36222,0.21
21739,0.07
34869,1.91
34688,2.42
19292,1.41
7996,0.03
46158,0.88
26747,2.3
15295,0.28
48036,2.0
2347,0.19
7675,0.04
28643,1.63
19735,0.71
30258,0.6
415,1.18
20097,1.5
42579,4.55
8052,0.69
1603,2.07
1141,0.12
20021,0.28
42949,1.91
34769,0.47
4739,0.03
14,0.22
8308,0.18
47054,3.0
1017,0.24
1058,0.45
26730,0.53
8029,0.85
36368,4.89
11261,0.7
33448,1.71
39586,1.88
11365,0.27
1775,1.93
28710,0.11
33618,0.08
42963,1.05
5309,0.61
13359,0.02
38263,1.78
17926,2.29
28203,0.37
43841,2.46
43775,4.62
12844,0.4
26818,0.52
29244,0.51
6984,0.36
21685,1.65
40303,2.31
45506,4.04
7831,2.79
26099,1.64
30788,1.87
25648,0.35
43988,0.4
41538,4.38
44103,1.88
34945,0.97
24437,0.33
38357,0.84
1185,0.03
8693,0.1
26582,0.05
37616,4.0
18192,1.08
5787,0.19
15339,0.13
36286,0.66
33555,2.96
11407,0.07
25066,1.19
30745,4.97
25041,3.52
26830,0.12
35638,1.05
25409,0.22
33920,1.24
44821,4.15
2060,1.02
39844,0.63
43998,0.75
35727,1.0
28279,1.03
28122,0.37
25359,4.44
29602,0.31
43267,7.88
10669,0.07
48118,3.0
30180,0.13
27770,0.53
17273,0.07
4672,0.18
31057,3.48
46039,2.0
35782,4.19
32071,3.01
42421,1.0
5440,0.06
44170,0.98
27862,0.24
3565,0.06
156,0.25
25172,0.17
24738,0.65
29196,0.51
7771,0.13
2739,0.54
31217,1.73
11824,0.07
24426,3.04
12740,0.23
20988,7.23
22093,2.18
7586,0.08
6084,0.14
25146,0.09
27709,0.05
21491,0.15
14836,0.18
19620,1.94
9689,5.45
23549,1.62
46925,2.0
3701,2.21
9800,0.27
812,1.42
414,1.55
9737,0.03
33750,3.06
46,2.25
35673,3.46
17010,0.16
20287,1.44
10838,0.05
16024,0.16
38554,2.87
32408,0.49
27006,1.59
36171,0.22
22602,0.79
37693,5.21
33406,0.33
12932,4.37
18058,0.78
15236,0.03
2593,2.01
27613,0.31
11087,1.37
46370,3.0
40869,0.63
44919,3.26
23578,0.12
31789,4.51
27041,0.14
37192,1.67
43622,2.88
7575,0.16
13210,1.92
45055,1.25
29554,0.21
14632,0.91
44625,1.0
11370,0.03
188,0.29
174,1.06
25990,0.49
8211,0.04
34730,4.43
15235,0.15
37364,3.57
15592,1.31
7370,0.13
17180,0.14
22759,0.21
40527,0.78
30375,3.7
27158,0.14
21078,0.94
36402,0.32
9296,0.02
5339,0.49
34057,0.77
31015,1.67
28561,0.08
33727,1.53
35744,1.09
9016,0.81
7637,1.38
36038,4.25
29462,1.77
10244,0.06
4813,0.42
43415,0.67
46497,2.0
24980,3.8
39629,2.43
10941,4.64
47527,1.0
14696,0.02
37868,1.73
40589,2.09
8398,2.36
17134,0.52
9074,2.51
45674,1.25
4688,0.51
3711,0.05
4313,1.0
34637,4.08
41260,3.02
35491,2.9
18066,0.14
35080,4.5
41212,2.21
31877,0.37
24133,2.11
28059,1.45
39226,0.43
7030,1.59
40805,0.36
4429,0.32
2309,0.02
17061,5.66
4853,1.05
35335,2.74
16569,0.11
16103,1.23
10068,1.99
11459,0.05
31727,0.07
15700,1.76
26298,0.74
31837,2.54
4736,0.07
41908,3.75
45805,1.0
40747,0.53
39753,4.57
13649,0.23
2373,0.13
12113,3.78
32097,0.36
8336,0.06
24521,0.09
43194,0.81
15170,4.33
11337,0.07
42225,1.65
6147,1.65
14166,0.12
13951,0.03
31579,4.69
12767,0.05
42374,0.52
32797,3.84
18475,0.13
29765,0.31
12278,0.12
35304,0.48
18592,5.89
11232,4.23
35382,0.48
37866,0.16
3875,0.48
27254,3.27
22387,0.08
36553,1.56
4930,0.96
2853,0.17
9973,0.23
18033,0.33
27268,3.52
34168,1.11
20393,3.0
46619,3.0
2530,0.06
20108,0.03
26917,0.5
21782,0.31
47183,1.0
7703,2.68
21481,1.61
8549,0.06
22014,5.0
43614,3.53
43553,4.83
2586,0.2
19321,5.42
16593,0.05
5651,3.99
45229,5.4
26609,0.05
13767,4.89
18319,0.03
36005,1.36
11343,5.65
4413,0.28
43207,3.23
30765,1.27
776,0.03
25437,0.95
43063,2.38
45703,1.0
7504,1.94
5702,6.79
43949,3.8
42497,3.42
14334,1.38
35172,0.31
26132,0.05
12694,0.68
39002,1.06
30759,1.49
39383,4.2
32490,0.38
30426,0.68
24751,0.3
12035,0.7
34738,0.55
35589,0.82
7253,3.61
37342,6.45
35985,0.7
8407,0.33
30599,1.63
6366,0.27
46868,2.0
15210,0.43
33945,2.79
13777,2.32
29017,0.05
36679,0.9
26804,0.3
43227,2.66
17870,0.2
3439,0.02
35202,2.06
22615,2.67
13478,0.13
1896,0.93
8153,0.13
18263,1.49
17179,0.03
27281,0.73
37731,0.32
24810,0.88
36124,1.29
40196,1.56
28866,1.15
4714,0.47
20699,0.13
28320,1.33
40939,0.99
10443,0.15
19763,0.26
27288,1.33
12046,0.07
4425,0.07
3237,0.07
5736,1.82
29235,0.31
33715,4.92
15621,0.1
16916,0.09
33213,3.6
46240,1.0
19492,0.61
19876,0.09
991,0.68
12297,0.16
21079,0.2
34955,4.13
8823,0.02
74,0.92
26964,0.15
37870,1.86
34160,0.3
24572,0.25
23252,0.61
45578,3.41
22488,0.23
48790,1.0
46350,2.0
26586,0.33
15629,1.84
21099,0.43
17381,0.11
35964,2.29
19225,0.46
26397,0.73
30647,5.01
10354,0.19
3660,0.06
31277,1.92
24919,2.3
5122,2.18
44540,2.54
10226,0.02
44881,3.75
39982,0.16
6643,0.24
45998,3.95
36264,3.85
8299,0.16
18999,2.87
9072,0.09
4356,1.83
4551,0.02
11409,0.92
7818,1.18
40461,2.77
44737,4.15
37456,0.67
17174,2.22
47216,1.0
29870,0.36
1960,0.42
39500,0.35
33339,0.25
12666,0.12
14232,1.06
33126,2.47
22321,0.16
43819,2.03
45552,1.0
17018,0.03
30189,0.56
30405,1.46
13457,1.69
24430,0.38
31040,0.06
35482,0.55
44486,2.65
29521,2.79
43295,1.0
42463,2.7
1820,0.93
22089,0.13
24590,0.46
32837,0.26
1091,0.15
27661,1.27
9786,3.9
17379,0.05
7509,0.82
4440,0.05
8374,0.04
39122,0.29
42159,1.89
27013,1.47
21240,1.68
7424,0.15
31214,0.24
10879,0.32
46466,3.0
4929,0.03
12632,0.06
44857,2.31
41937,3.56
42625,3.71
47905,1.0
26118,0.6
26470,2.34
11820,0.63
26504,0.05
3778,0.19
36487,0.59
12545,3.31
30881,0.16
20194,4.21
3862,0.14
288,2.08
3374,0.3
42994,2.07
44247,5.56
3364,0.49
25125,0.55
34339,2.45
34144,0.26
40923,0.59
37656,3.17
38199,7.5
22297,0.86
27936,0.27
14528,1.06
19156,0.58
8916,3.65
43294,2.83
3556,3.29
29320,2.51
7086,13.45
45646,5.51
17147,0.03
24472,5.36
12405,2.49
1757,0.32
9438,0.19
36068,2.14
3540,1.12
25529,0.04
14238,0.23
2887,0.58
32956,0.41
2033,2.1
12049,0.02
39272,0.45
37631,1.77
22683,3.29
34671,1.24
41071,4.71
42506,1.55
23377,0.04
12542,2.23
32200,2.31
5503,0.46
24096,0.49
27594,1.8
45037,3.0
32401,0.45
38063,0.16
18696,0.2
27750,0.05
43150,4.72
8755,1.41
15729,0.05
35881,5.39
40890,0.75
16530,0.09
31340,0.3
38460,0.4
20497,2.73
22168,0.14
35468,0.37
6568,0.47
16610,0.4
8060,0.04
30050,3.69
19880,0.73
23776,2.72
7659,3.06
8270,1.66
26754,6.25
24417,2.2
10375,0.11
26435,0.1
8868,0.41
15432,0.03
5783,1.65
32312,3.74
24619,0.04
32091,0.5
29603,1.88
11731,0.02
313,0.67
1437,2.99
41847,0.35
41628,1.78
4343,0.14
25432,0.44
19131,1.61
23936,0.88
12171,0.8
27966,0.71
15310,0.03
38264,2.5
18502,0.53
40487,3.75
40592,3.03
42980,0.75
32725,0.54
20814,0.39
11724,0.39
32810,1.06
36313,0.99
3077,0.15
1230,0.06
15567,0.94
29447,2.84
46808,1.0
7138,4.12
10007,0.05
24920,2.92
10407,5.36
43871,5.83
14296,0.03
15494,1.37
37427,4.44
45194,1.25
28708,1.46
1517,0.93
37046,0.38
1286,0.3
1825,1.35
12015,0.09
24531,0.71
659,0.58
13776,2.78
21629,1.7
8229,0.18
30993,4.52
5087,0.55
3220,0.9
34839,1.98
20088,0.51
33966,0.49
44654,5.0
30738,8.27
13628,1.47
10817,0.27
35616,1.68
32950,0.24
38081,0.96
13563,0.05
18766,0.03
25786,0.51
20198,0.46
24316,0.09
18609,3.83
17556,0.17
1962,0.1
5771,0.61
5600,0.06
11756,0.02
6968,0.18
19080,0.17
46747,1.0
24758,0.22
1273,0.75
4430,0.1
31613,0.82
17297,1.95
10819,0.11
10344,0.02
16186,0.05
44243,0.57
19348,1.54
37138,3.49
33491,3.68
26640,0.05
33625,0.33
40145,0.93
22685,0.47
27721,0.81
9790,0.04
25026,2.15
32100,1.11
41922,0.3
29628,16.81
9718,0.2
19588,0.25
8540,0.23
15821,0.83
16603,0.88
31346,0.42
39163,0.16
42853,2.62
8871,3.91
20840,3.53
34211,3.72
21193,0.24
39093,5.44
14171,0.22
25332,0.09
163,0.13
25896,0.14
20784,0.67
9112,2.23
2313,0.51
25985,0.45
1190,5.26
8012,0.06
13005,0.09
40133,1.23
46817,1.0
2167,1.22
22219,0.07
17138,0.03
10969,0.14
29076,0.43
11691,0.21
20667,0.13
2498,2.02
3070,0.05
19866,0.05
34368,0.27
24520,0.5
26150,2.83
43717,5.06
31204,1.36
5534,0.02
23759,0.46
5847,0.37
17513,0.17
45473,0.94
43336,5.08
40731,0.3
676,0.47
35271,2.32
14552,5.17
1690,0.05
18633,2.79
16160,2.08
32758,0.87
39773,1.0
4665,0.22
45373,1.0
2323,0.02
34620,0.73
17358,0.43
19964,0.23
14611,1.42
8117,1.76
44735,1.43
19010,0.03
43606,1.65
29992,0.91
32660,3.0
39697,5.66
34724,5.21
35310,0.51
16077,0.96
10330,1.06
36945,1.41
32155,0.52
39966,0.41
11013,0.89
34572,1.16
23399,2.61
8754,0.24
34100,1.33
36521,1.29
7709,1.45
44787,3.4
13693,0.05
17557,3.51
37471,0.38
5187,2.1
25292,0.09
18993,0.71
5599,2.57
16724,1.51
10808,3.32
44640,1.8
22889,1.36
43853,0.42
37443,0.26
18212,4.39
41147,3.78
38413,0.55
38541,0.32
14499,0.36
19896,1.34
30174,0.19
27714,0.42
34195,3.82
18039,0.03
6439,0.2
11277,0.02
45738,1.0
18258,0.09
43711,1.0
48034,3.0
3378,0.05
48025,3.0
39969,2.01
27437,0.26
21082,0.42
5863,1.32
9005,0.04
30854,3.08
20564,0.67
24154,2.48
38842,1.0
20959,4.36
37197,2.68
14900,0.03
28586,4.05
33334,0.76
23217,3.42
18601,2.63
293,1.05
28165,0.62
32400,5.23
41059,5.73
47231,1.0
45994,3.85
18874,1.66
24712,2.24
3613,3.34
23437,0.13
1408,0.2
16341,2.55
17107,0.03
422,0.17
31281,5.03
4293,0.18
42007,0.77
18951,0.04
39152,0.21
14116,0.05
27576,2.02
9126,0.25
36538,0.85
1828,0.92
43140,1.3
24491,0.34
38496,8.51
2113,0.7
24928,0.04
42825,0.67
42,0.23
15419,0.9
2246,0.08
22599,4.96
34711,0.36
5614,0.15
22013,1.25
23899,0.18
14160,0.78
42943,3.96
904,0.13
39754,5.22
33315,3.59
10048,0.09
13105,0.65
28890,0.53
33418,0.32
11378,0.7
20030,0.03
35839,0.64
19977,0.63
19194,0.19
11595,0.12
30859,0.48
41506,3.33
29625,1.25
18384,0.06
30278,2.31
9925,0.04
44516,0.92
42588,3.38
34714,2.97
18247,1.73
23732,1.31
26024,1.5
41753,0.47
26038,0.09
39986,4.4
36517,0.31
17959,0.7
35355,0.68
1530,1.69
4329,0.5
47255,1.0
17799,4.24
2596,2.87
37520,0.13
12991,0.3
19024,0.15
21532,0.59
44317,1.18
8959,0.38
9562,0.73
16777,0.91
35982,3.35
2013,0.11
35156,4.68
31592,0.41
30766,0.53
1990,0.11
25773,0.23
42923,0.43
180,1.92
5199,2.98
22807,2.96
29731,0.65
83,0.15
4844,0.18
18985,3.09
43060,0.38
31726,0.07
31443,0.22
4779,0.44
19498,0.37
389,0.36
40800,2.13
15340,1.73
20218,0.64
43611,3.45
29561,0.51
3217,0.12
41919,0.97
33865,2.0
23180,2.33
3402,0.17
9954,0.19
26613,1.83
47084,3.0
41910,3.62
21221,1.91
17029,0.08
37356,2.43
28818,0.45
5506,0.04
544,2.85
3223,1.16
43316,3.58
15124,0.08
41581,1.74
23943,0.13
2846,0.04
15354,0.16
35705,1.73
37294,0.75
13155,0.03
44588,5.69
33760,2.43
6475,0.8
24104,0.04
7962,0.02
24557,0.04
26226,0.27
8656,0.26
28764,0.1
23191,1.4
3035,0.09
19622,0.09
25247,0.49
2007,2.08
16418,0.23
31413,1.25
17460,0.3
285,1.11
22541,0.81
23810,0.11
44178,2.5
2201,0.46
9653,0.02
40329,0.22
30915,0.2
45679,1.0
17804,0.21
88,0.05
39237,3.79
31073,0.21
21922,0.07
12159,2.2
24514,0.3
46997,1.0
12727,0.02
15448,0.7
31664,5.93
40400,1.9
43458,0.82
16618,0.11
33244,0.5
1956,0.46
7446,0.16
25497,0.44
38101,0.32
41518,1.1
39627,0.18
3154,1.57
42823,1.0
29912,0.11
33506,0.48
41818,0.88
27451,0.25
27055,0.05
18279,0.31
22722,1.25
15758,0.03
7981,1.56
9397,0.11
40358,2.02
20571,0.03
18603,1.38
33803,0.53
39847,3.92
2027,0.36
28803,7.39
14317,0.02
33941,3.53
21769,0.08
2273,1.63
6723,2.36
44392,0.81
23971,1.56
11401,0.22
25612,0.09
35651,0.53
14765,0.37
33009,7.94
24285,5.28
5531,0.31
11382,0.02
36237,3.42
8466,0.02
10161,0.11
46132,5.58
1021,0.47
16955,0.23
9276,0.11
8870,0.02
4375,2.17
11394,0.02
26329,0.69
16275,0.19
2131,2.45
11255,0.83
13357,0.02
37157,1.18
3072,0.36
36051,1.62
33441,0.99
28526,0.63
23569,0.09
26699,0.05
12245,0.11
25379,0.35
42513,7.01
1627,10.0
208,1.92
4705,0.91
44101,1.73
14018,0.02
27652,0.42
27267,2.73
4475,0.16
1509,2.63
24419,2.38
36311,3.85
41689,3.59
38188,8.44
13369,1.38
1591,0.73
27243,0.15
41399,0.67
7633,0.12
25351,0.22
21560,0.18
44744,1.91
1999,1.07
24757,0.26
25047,1.67
28540,0.54
22806,3.15
36590,4.17
2387,1.83
17571,4.52
22274,0.05
23072,0.2
44485,2.0
34693,0.55
17208,0.12
3537,0.27
7942,3.21
47849,2.0
7569,1.59
37306,0.24
4035,0.73
7242,0.21
36894,0.36
25485,0.04
7681,0.55
1908,0.17
21998,0.68
38632,0.16
13040,0.02
733,0.77
43693,3.0
24016,0.08
43980,0.73
5028,0.19
38118,0.77
42991,2.63
25124,2.23
35326,0.69
41470,0.77
22341,0.65
10043,0.04
36085,3.13
19140,0.15
17930,0.4
31441,1.8
8113,0.02
14954,0.11
35927,1.9
8813,0.02
981,0.02
17761,0.06
114,0.06
1158,1.92
2043,0.06
24392,1.22
6973,0.06
20515,0.06
34201,3.62
33856,0.44
4088,0.11
22031,0.94
15553,0.05
22485,1.95
43634,1.38
1947,1.43
21233,0.26
9178,0.02
18660,2.08
41041,3.85
39055,0.16
2316,0.54
17947,2.1
18372,3.5
10333,0.25
10550,0.35
9031,0.29
43837,3.04
33900,3.1
38857,3.1
1422,0.04
30230,0.63
10257,0.02
18284,0.28
37038,0.38
26835,1.45
43849,3.66
35773,3.32
29563,0.11
22211,2.15
35093,0.18
29110,0.27
38312,0.32
12438,2.73
34725,0.99
3268,0.6
9947,5.09
43232,4.53
30318,0.62
5941,0.47
40355,0.21
30517,1.4
14710,0.83
2271,0.03
29629,2.05
7985,0.32
24960,3.82
47106,1.0
36599,0.68
5794,3.44
21589,3.09
42116,2.26
31058,4.45
47764,1.0
32637,0.73
33650,4.37
35515,0.65
22395,0.65
20222,0.07
2052,3.69
20092,0.03
40989,3.33
11973,0.07
302,1.27
9239,0.02
36240,0.23
32058,2.58
2744,0.01
13620,0.14
45447,1.76
6021,0.37
2513,1.95
24840,0.34
36707,3.95
3787,0.06
21813,0.73
26237,0.05
14185,0.22
7984,5.54
6610,0.25
26121,0.15
44435,10.56
2148,2.39
3205,2.26
3610,0.18
4292,1.76
17682,2.68
13284,0.82
3157,2.4
15713,0.06
39780,0.99
37264,0.24
32807,1.13
9427,2.99
40903,0.32
11052,0.11
21288,0.35
6781,0.1
38461,0.59
22340,0.15
26864,0.26
46112,4.0
10110,0.07
13839,2.46
1242,3.7
33447,0.73
1552,0.98
13657,0.4
5611,5.02
26687,0.09
25562,0.47
47155,1.0
46897,1.0
15280,1.69
10798,0.02
19496,3.02
40717,0.41
2272,0.62
13876,0.05
4229,3.53
34202,5.34
42772,2.2
17985,0.14
46615,4.55
17994,0.81
28375,1.93
41619,1.67
10371,3.23
6127,3.72
3510,0.95
18712,2.59
27148,0.05
5555,0.88
31777,0.96
18135,0.06
15953,0.08
18210,2.39
1760,1.16
5869,0.41
4197,0.03
42597,0.26
4864,0.1
21380,2.7
38443,7.12
3418,2.98
7395,0.04
42016,1.47
37907,0.56
16011,0.1
789,0.76
20969,0.45
2035,0.37
33253,1.85
6972,0.24
24470,0.9
14304,0.41
1535,1.25
23806,0.67
25392,0.22
37806,0.28
46365,4.0
20013,1.94
27969,0.82
1213,0.14
11671,5.18
1780,0.4
14505,1.1
19724,0.4
24693,0.09
14674,0.14
12636,0.94
27226,0.05
41416,1.9
35841,0.59
24965,0.13
4786,0.29
478,1.6
19650,0.1
27031,0.05
47568,1.0
27626,0.71
2260,0.26
41024,0.21
75,0.2
28185,0.1
31601,0.34
19696,0.52
4843,0.27
26942,3.64
41865,0.79
29456,1.91
11110,0.05
28265,0.11
46013,3.75
15316,0.56
43644,1.0
3748,0.36
9486,0.11
2759,0.1
12655,2.66
9420,0.33
523,0.41
8900,0.49
43802,2.8
34450,0.45
43209,0.7
24,0.73
37262,1.85
13385,0.07
33430,0.43
14733,0.26
28773,3.36
31624,0.87
22470,2.34
8709,0.02
28476,0.05
39060,1.68
31557,0.41
48057,1.0
20762,3.42
14686,0.07
29908,0.95
46378,2.0
32489,4.68
10470,1.65
17508,0.38
13666,2.09
23327,0.08
10560,0.04
43272,4.5
17084,0.06
36115,0.86
8694,0.02
21545,0.4
20190,0.15
3186,0.39
6743,0.71
28816,0.16
20267,0.03
10477,0.02
26652,1.1
2070,1.0
47630,2.0
45430,1.0
716,1.2
43994,5.5
5326,0.13
11640,0.37
5364,0.49
13051,0.18
33797,0.42
23635,0.08
6431,1.31
47989,1.0
38962,0.16
45614,0.68
10083,0.25
20091,0.8
13533,5.96
34127,0.69
13979,1.16
16064,0.08
36482,0.7
22049,1.07
43523,0.88
2457,0.79
46325,1.0
31831,0.25
37324,0.37
29144,5.73
26634,0.87
32389,3.51
11846,1.06
5749,2.56
8275,0.08
26392,1.28
2936,2.08
34667,0.18
35113,0.16
22278,0.16
16614,0.8
9035,0.58
20522,1.58
6104,2.56
44882,1.0
16158,0.58
26211,0.77
46063,5.38
24331,2.27
2880,2.62
47007,1.0
33663,3.24
33432,0.87
32903,1.24
11689,0.07
45387,1.0
403,1.21
11508,0.03
4050,0.2
31138,2.14
39594,0.32
2517,1.37
28848,0.85
41472,1.36
46638,2.0
33344,0.4
856,1.77
26746,0.16
31172,0.35
16849,0.07
37943,0.27
36741,1.73
32280,1.36
48267,2.0
38408,1.7
19467,1.11
35018,2.37
4312,1.22
32678,0.45
25931,0.05
31991,3.4
7773,0.23
11915,0.05
11412,0.27
16017,1.3
18678,0.22
14720,0.04
13231,0.05
5492,0.07
25988,2.73
2176,0.77
12411,1.33
21433,1.03
41364,2.81
4720,2.65
42461,1.29
35019,3.07
27718,0.78
3001,0.24
7555,1.72
38492,3.13
20171,0.13
35229,0.41
4148,0.82
21622,1.17
23679,1.25
25267,1.35
19395,2.2
45235,1.0
13865,0.25
38575,1.49
12496,0.12
29257,3.4
33539,0.1
11544,0.6
24291,0.05
39240,4.93
42103,3.79
30417,0.07
46027,0.77
40614,0.18
26278,3.09
11580,0.02
38238,0.47
37430,2.9
24574,0.96
741,0.01
8025,0.14
43798,0.67
19380,2.62
28622,0.05
27904,2.67
18005,2.57
29678,0.95
40793,3.05
32147,0.15
30573,0.57
24309,0.58
39750,0.47
39854,2.39
30514,0.32
279,1.27
14346,0.28
564,2.39
37818,0.47
12383,0.05
27092,3.36
30970,2.64
29968,0.06
39397,0.61
34092,0.55
15454,0.77
33582,0.09
27240,0.3
41145,2.26
28258,0.22
32450,0.1
131,0.66
2305,0.46
16146,0.05
8772,0.27
25307,1.5
30000,0.3
31989,0.58
13377,0.02
44207,3.28
16047,0.14
4732,0.26
13343,1.7
1720,0.29
28083,0.42
27793,0.05
2608,0.81
19656,0.13
9939,0.21
38883,3.25
30076,0.39
29494,0.65
29079,3.3
31883,0.19
6914,0.15
42913,1.29
14453,1.85
37970,1.82
23693,0.29
23106,0.24
40820,1.86
22141,0.04
24880,0.04
41991,1.8
4253,0.77
9764,0.02
19188,0.04
10383,1.16
16623,0.74
4003,0.02
16728,0.52
5040,0.42
26498,0.1
23624,1.45
12391,0.02
35086,2.98
20799,0.23
7365,1.34
6200,0.04
19120,2.61
42493,0.37
35809,3.88
23397,0.24
19396,0.49
28655,0.37
1384,1.17
32755,0.08
18732,1.48
3485,0.03
35000,0.19
22986,0.19
11189,0.24
10893,0.22
2890,0.33
42966,1.69
6800,0.07
19463,1.36
21023,1.33
11713,0.06
11757,0.98
37382,0.4
36676,4.81
713,0.62
9748,0.2
12941,0.58
8880,2.12
25278,5.0
27462,2.19
3266,0.58
25512,0.13
37755,0.38
4405,1.48
46676,3.0
2761,0.83
29562,1.58
28497,4.9
2568,0.54
36637,4.04
13890,0.03
13157,0.19
9024,0.13
197,1.01
5465,0.1
39182,0.32
37793,2.43
4756,0.28
27648,4.97
33479,2.87
24648,0.12
27899,1.03
2886,0.16
41195,0.42
22268,0.5
33152,1.0
46016,1.58
2547,2.38
43066,1.76
4427,0.19
15182,0.06
15811,1.78
25173,1.0
16662,1.54
35939,0.22
15802,2.45
38442,1.84
12141,1.9
2790,0.03
7286,2.02
1733,0.02
21063,0.07
33176,0.08
37190,2.33
33983,2.86
22423,0.43
30481,4.07
33696,3.07
23348,0.04
31161,0.42
10756,0.08
10502,6.23
8185,0.02
32459,0.45
34747,0.21
19676,2.98
16803,1.45
15509,0.08
7081,0.69
41177,3.31
28670,0.48
47328,1.0
3591,2.69
18052,1.1
46932,1.0
42401,1.58
38584,2.77
36952,4.4
9560,0.04
34193,1.39
28190,2.85
23376,0.08
33410,0.71
25610,2.37
23935,0.12
17746,2.6
40297,15.32
24303,1.27
22711,3.88
9805,0.41
14780,0.16
23063,0.19
8322,2.64
9273,0.04
1662,1.36
28693,0.27
38927,5.0
16594,0.11
17440,0.15
17095,1.81
18966,0.94
20323,0.06
35245,3.75
46589,1.0
7786,1.13
41454,2.11
14156,0.13
43128,6.07
664,1.89
2641,0.79
2295,0.31
32535,5.11
27697,2.39
963,0.16
42909,2.73
38410,1.36
29390,0.06
4755,0.3
15998,0.03
42573,3.68
40631,2.45
13308,0.03
27339,4.61
6840,2.0
624,1.06
26844,0.1
7863,1.17
35952,3.79
32016,0.5
3195,0.01
21964,3.65
3634,0.12
26499,2.49
21279,0.37
25733,5.7
20586,0.23
35554,0.99
23354,0.09
46721,0.88
200,0.06
5838,0.03
17809,0.14
15562,0.08
17081,0.11
45981,6.0
36176,0.12
20553,0.03
37467,3.0
15117,0.93
6257,0.02
5700,3.0
35615,0.52
18119,0.46
32511,0.3
12344,0.46
4847,1.8
20405,0.48
30494,0.19
18495,0.06
11027,4.5
12898,0.72
6349,0.24
24875,0.52
14030,0.05
5176,0.38
20203,1.65
23071,0.92
29801,0.08
29961,4.9
34053,3.5
32379,0.88
39153,0.16
21772,0.23
22802,0.45
18489,1.94
44704,6.67
14612,2.95
30293,1.48
12555,0.56
47174,1.0
10549,0.04
36310,3.05
16163,0.51
33434,0.33
12671,0.02
14956,0.16
23602,0.04
9415,0.65
22733,0.29
9995,0.57
45481,0.68
43734,1.11
1285,0.54
6529,0.05
794,0.06
41049,3.27
44784,5.26
31267,0.14
21519,0.62
33784,3.22
22081,0.04
14530,0.19
25217,0.13
46563,2.0
26032,2.76
24655,3.33
28788,0.7
32726,0.51
1465,0.59
22696,1.48
27534,0.37
28964,4.48
34626,0.54
1406,0.27
26198,1.37
34712,5.26
18693,0.03
10628,0.02
14224,0.03
38872,1.07
9798,0.04
22083,0.14
45799,1.0
332,0.85
31931,0.56
38990,1.28
37630,3.25
30469,3.68
20870,0.34
38218,0.15
4371,2.21
33499,0.25
17680,0.55
4530,0.05
46357,1.0
10787,0.75
36951,1.52
41344,2.44
3008,0.25
24091,0.16
30506,4.79
24351,0.08
14620,0.1
13026,0.09
42527,3.44
39726,0.77
40746,1.0
21039,3.08
17638,0.17
10923,0.02
33020,1.89
35099,3.6
6719,0.02
6022,1.57
11236,1.9
33731,5.66
2650,0.16
9818,0.15
31814,1.76
35729,0.52
29113,7.65
38968,1.1
46096,5.12
17363,0.06
11264,0.02
5075,0.6
40877,0.41
9123,0.19
7404,0.16
10265,0.06
43391,1.52
10097,0.06
34135,0.21
24995,2.97
3538,0.69
12902,0.14
29916,1.0
21374,0.55
28902,0.33
36713,0.34
11576,0.11
28144,5.35
18831,1.42
27518,0.3
16902,2.43
11131,0.27
10426,1.15
1507,0.59
2760,0.08
14842,0.28
24420,3.62
20379,0.13
2453,0.11
35845,3.99
35218,0.24
14202,2.57
34005,1.01
21365,0.03
3462,0.14
9169,0.09
2550,0.27
4586,1.28
21100,7.75
28393,3.43
26876,3.06
7487,0.4
36013,5.61
48799,1.0
7293,0.19
31858,2.37
9115,0.13
21015,0.2
18068,7.1
37020,0.13
3550,1.68
42933,0.67
21345,0.42
43684,3.24
116,3.01
40375,0.36
6261,1.37
27708,1.62
101,2.09
26627,0.47
28444,0.22
8846,0.22
18555,2.9
21326,2.38
33469,2.21
18940,3.93
